time_s,phase_deg,amp_10bit
0.091328125,80.15625,257
0.1025,281.25,155
0.11109375,75.9375,293
0.11203125,92.8125,448
0.12015625,239.0625,136
0.13125,78.75,232
0.1509375,73.125,235
0.160234375,240.46875,149
0.170625,67.5,235
0.1909375,73.125,272
0.191484375,81.5625,207
0.201171875,257.34375,170
0.210390625,63.28125,186
0.21140625,81.5625,359
0.221328125,260.15625,316
0.231015625,74.53125,443
0.23125,78.75,236
0.240234375,240.46875,90
0.24078125,250.3125,97
0.25203125,92.8125,333
0.26109375,255.9375,119
0.271015625,73.125,229
0.271328125,80.15625,329
0.281484375,262.96875,216
0.2915625,82.96875,277
0.31078125,70.3125,226
0.33078125,70.3125,242
0.35109375,75.9375,316
0.370859375,70.3125,262
0.37109375,74.53125,301
0.38046875,244.6875,150
0.390625,66.09375,182
0.391796875,88.59375,310
0.401328125,258.75,206
0.41109375,74.53125,248
0.412578125,102.65625,409
0.421484375,262.96875,94
0.430859375,71.71875,248
0.4315625,84.375,333
0.440859375,251.71875,147
0.441953125,271.40625,139
0.451015625,74.53125,305
0.470859375,70.3125,277
0.472109375,92.8125,75
0.48046875,244.6875,117
0.491171875,75.9375,296
0.51109375,74.53125,328
0.520234375,240.46875,89
0.5315625,84.375,310
0.53234375,97.03125,389
0.539765625,230.625,89
0.54046875,244.6875,166
0.550859375,71.71875,311
0.552578125,102.65625,60
0.5609375,253.125,133
0.571015625,73.125,285
0.59078125,68.90625,148
0.601328125,260.15625,133
0.610234375,60.46875,196
0.62171875,265.78125,131
0.63125,77.34375,280
0.651328125,80.15625,219
0.66,234.84375,134
0.67140625,80.15625,269
0.67953125,226.40625,64
0.6915625,82.96875,267
0.711328125,78.75,96
0.731328125,78.75,184
0.73171875,87.1875,60
0.75046875,63.28125,149
0.7709375,73.125,207
0.7909375,71.71875,870
0.800234375,240.46875,74
0.811875,90,862
0.82140625,260.15625,289
0.83078125,68.90625,417
0.8403125,240.46875,157
0.85109375,74.53125,219
0.851796875,87.1875,289
0.859375,223.59375,101
0.87140625,80.15625,216
0.8909375,71.71875,173
0.9003125,240.46875,138
0.910703125,67.5,175
0.931171875,75.9375,262
0.94140625,260.15625,124
0.951640625,84.375,83
0.952109375,92.8125,193
0.971328125,77.34375,276
0.9803125,240.46875,107
0.991171875,75.9375,273
1.01109375,74.53125,243
1.011953125,90,222
1.02203125,271.40625,193
1.03078125,67.5,248
1.03109375,74.53125,376
1.041953125,270,218
1.0509375,71.71875,373
1.0515625,82.96875,197
1.061015625,253.125,190
1.071171875,75.9375,347
1.09109375,74.53125,283
1.0925,99.84375,137
1.101328125,258.75,194
1.1109375,71.71875,238
1.112421875,97.03125,393
1.120546875,243.28125,176
1.1309375,71.71875,221
1.132421875,97.03125,61
1.140625,244.6875,143
1.151484375,81.5625,216
1.1709375,71.71875,278
1.18125,255.9375,83
1.191484375,81.5625,251
1.1915625,82.96875,139
1.20125,255.9375,161
1.21109375,73.125,156
1.2115625,82.96875,377
1.219609375,227.8125,100
1.23125,75.9375,299
1.231875,88.59375,226
1.2421875,272.8125,207
1.25078125,68.90625,216
1.25140625,78.75,441
1.260078125,234.84375,109
1.260625,246.09375,138
1.27140625,80.15625,221
1.290859375,70.3125,203
1.291484375,81.5625,301
1.301640625,264.375,204
1.3109375,71.71875,271
1.312109375,91.40625,426
1.320859375,248.90625,141
1.331015625,73.125,331
1.351484375,81.5625,341
1.352109375,91.40625,360
1.37109375,74.53125,227
1.39125,75.9375,259
1.410703125,67.5,181
1.431015625,71.71875,216
1.431875,87.1875,791
1.440078125,236.25,254
1.4415625,261.5625,131
1.451328125,78.75,271
1.461015625,251.71875,144
1.470703125,67.5,208
1.471484375,81.5625,368
1.49125,77.34375,207
1.492421875,97.03125,59
1.51140625,80.15625,285
1.53109375,74.53125,67
1.531171875,75.9375,244
1.55125,75.9375,80
1.551953125,88.59375,264
1.5715625,81.5625,85
1.5909375,70.3125,139
1.61109375,73.125,335
1.6309375,70.3125,290
1.651484375,80.15625,294
1.6521875,92.8125,335
1.6609375,250.3125,140
1.6709375,70.3125,269
1.691171875,75.9375,262
1.691796875,85.78125,75
1.71171875,84.375,246
1.7128125,105.46875,61
1.73015625,57.65625,81
1.7315625,82.96875,326
1.750859375,68.90625,250
1.75234375,95.625,76
1.7715625,81.5625,297
1.782109375,271.40625,66
1.791015625,71.71875,236
1.791640625,82.96875,134
1.831015625,71.71875,273
1.851328125,77.34375,286
1.85171875,84.375,275
1.8609375,250.3125,118
1.871328125,77.34375,291
1.880546875,243.28125,128
1.891328125,77.34375,283
1.9009375,250.3125,142
1.91140625,78.75,402
1.930859375,68.90625,200
1.951171875,74.53125,241
1.971640625,81.5625,279
1.980859375,248.90625,117
1.991171875,74.53125,353
2.01125,75.9375,320
2.03109375,73.125,180
2.051328125,77.34375,94
2.052265625,92.8125,88
2.063125,288.28125,119
2.07203125,90,173
2.091015625,71.71875,239
2.09109375,73.125,222
2.1003125,239.0625,110
2.11140625,78.75,344
2.131171875,74.53125,303
2.15125,74.53125,988
2.1603125,237.65625,62
2.16078125,246.09375,252
2.172421875,97.03125,203
2.1921875,91.40625,188
2.211484375,78.75,286
2.23046875,61.875,125
2.251484375,78.75,299
2.271015625,71.71875,270
2.291484375,78.75,253
2.2921875,91.40625,307
2.299765625,227.8125,108
2.311015625,70.3125,228
2.3309375,70.3125,347
2.35078125,66.09375,155
2.351640625,81.5625,255
2.371015625,71.71875,62
2.371171875,73.125,293
2.3909375,70.3125,261
2.411328125,75.9375,303
2.421171875,254.53125,80
2.430546875,61.875,163
2.45125,74.53125,173
2.45171875,82.96875,340
2.46015625,234.84375,74
2.460625,243.28125,116
2.4709375,68.90625,274
2.472109375,90,73
2.4915625,80.15625,327
2.5109375,70.3125,148
2.51171875,82.96875,258
2.521875,265.78125,67
2.5309375,68.90625,268
2.531484375,78.75,267
2.55109375,71.71875,214
2.571171875,73.125,332
2.591640625,81.5625,259
2.61140625,77.34375,335
2.63109375,71.71875,306
2.64140625,257.34375,68
2.651171875,73.125,278
2.67140625,77.34375,305
2.691171875,73.125,966
2.701171875,253.125,223
2.730859375,67.5,241
2.751171875,73.125,261
2.771171875,73.125,227
2.78171875,262.96875,68
2.790703125,64.6875,89
2.79234375,94.21875,85
2.81140625,77.34375,260
2.831171875,71.71875,81
2.85140625,77.34375,186
2.871484375,78.75,235
2.88078125,244.6875,66
2.890390625,59.0625,106
2.891015625,70.3125,73
2.911015625,68.90625,264
2.931015625,70.3125,197
2.94109375,251.71875,63
2.951484375,78.75,226
2.96125,254.53125,78
2.97140625,77.34375,203
2.991171875,73.125,250
3.000859375,246.09375,127
3.0115625,78.75,221
3.03125,74.53125,176
3.051640625,81.5625,278
3.07125,74.53125,336
3.091640625,80.15625,219
3.10078125,246.09375,121
3.111015625,70.3125,183
3.131015625,68.90625,86
3.13125,73.125,1024
3.140390625,239.0625,184
3.151484375,78.75,299
3.17203125,88.59375,100
3.18078125,246.09375,83
3.191015625,68.90625,187
3.191953125,87.1875,349
3.21109375,70.3125,259
3.231328125,75.9375,77
3.25078125,66.09375,200
3.27171875,82.96875,350
3.280703125,243.28125,66
3.290625,63.28125,64
3.310859375,67.5,92
3.311875,84.375,329
3.312421875,94.21875,216
3.331328125,75.9375,223
3.35171875,81.5625,261
3.371640625,80.15625,307
3.372578125,97.03125,290
3.3796875,225,72
3.38125,254.53125,165
3.390859375,67.5,232
3.39109375,71.71875,58
3.411875,84.375,200
3.43125,74.53125,174
3.44078125,246.09375,152
3.45109375,70.3125,198
3.46,232.03125,127
3.471171875,71.71875,61
3.481015625,248.90625,67
3.490546875,61.875,82
3.492265625,91.40625,88
3.511640625,80.15625,566
3.5203125,237.65625,128
3.53125,73.125,71
3.532109375,88.59375,209
3.541171875,253.125,74
3.55109375,70.3125,116
3.5525,95.625,128
3.56,230.625,64
3.57078125,66.09375,70
3.571953125,85.78125,180
3.580390625,237.65625,150
3.590546875,60.46875,94
3.611328125,75.9375,234
3.611953125,85.78125,341
3.620390625,237.65625,110
3.631484375,77.34375,249
3.640546875,240.46875,120
3.651484375,77.34375,290
3.660234375,234.84375,121
3.671328125,74.53125,264
3.671484375,77.34375,199
3.680625,241.875,134
3.691328125,74.53125,219
3.7015625,258.75,119
3.7109375,67.5,239
3.720859375,246.09375,139
3.731015625,68.90625,237
3.75171875,81.5625,329
3.771640625,80.15625,169
3.780859375,246.09375,79
3.791328125,74.53125,296
3.811171875,71.71875,275
3.820625,241.875,132
3.8315625,78.75,264
3.841015625,248.90625,98
3.851015625,67.5,188
3.851796875,82.96875,137
3.86046875,239.0625,110
3.87171875,81.5625,235
3.8915625,78.75,232
3.91125,73.125,268
3.95109375,70.3125,243
3.97203125,87.1875,148
3.991796875,82.96875,215
3.992421875,94.21875,62
4.0015625,257.34375,62
4.010625,61.875,72
4.01125,73.125,253
4.03140625,75.9375,187
4.051171875,71.71875,186
4.05203125,85.78125,326
4.06,230.625,73
4.061484375,257.34375,165
4.0709375,67.5,174
4.0725,95.625,381
4.081875,264.375,147
4.091328125,74.53125,241
4.092109375,88.59375,375
4.100546875,240.46875,122
4.1115625,78.75,236
4.131015625,68.90625,182
4.131171875,71.71875,198
4.141953125,265.78125,83
4.151328125,73.125,242
4.151484375,77.34375,222
4.1609375,247.5,68
4.170859375,66.09375,182
4.171171875,71.71875,166
4.18171875,261.5625,69
4.191171875,71.71875,181
4.191640625,80.15625,206
4.2009375,247.5,68
4.20109375,250.3125,64
4.21109375,70.3125,150
4.23140625,74.53125,197
4.232890625,102.65625,289
4.241171875,251.71875,108
4.2509375,67.5,175
4.252109375,87.1875,255
4.260546875,240.46875,111
4.261484375,257.34375,112
4.2709375,67.5,248
4.271328125,73.125,199
4.29125,73.125,162
4.312265625,91.40625,212
4.331640625,80.15625,244
4.3525,95.625,701
4.36015625,233.4375,174
4.36125,251.71875,130
4.37046875,59.0625,64
4.372265625,91.40625,323
4.391171875,71.71875,219
4.41140625,75.9375,272
4.411640625,78.75,187
4.421171875,250.3125,135
4.43109375,70.3125,267
4.451328125,74.53125,230
4.471328125,74.53125,238
4.491328125,73.125,100
4.50171875,260.15625,63
4.510703125,61.875,78
4.511640625,80.15625,199
4.5315625,78.75,276
4.55171875,81.5625,159
4.551796875,82.96875,290
4.571015625,67.5,211
4.59125,71.71875,278
4.612265625,91.40625,181
4.630859375,66.09375,178
4.63234375,92.8125,296
4.641328125,254.53125,216
4.650859375,66.09375,196
4.67109375,70.3125,253
4.691796875,82.96875,214
4.71109375,70.3125,162
4.731171875,71.71875,98
4.731875,82.96875,280
4.741015625,247.5,115
4.75140625,74.53125,240
4.752578125,97.03125,248
4.760078125,230.625,123
4.771015625,68.90625,206
4.791484375,75.9375,235
4.79234375,91.40625,242
4.802734375,279.84375,138
4.81125,71.71875,232
4.811875,84.375,402
4.820625,240.46875,158
4.831875,84.375,140
4.85109375,70.3125,211
4.871953125,84.375,171
4.8915625,78.75,239
4.901484375,255.9375,63
4.91109375,70.3125,99
4.931328125,73.125,250
4.951796875,82.96875,222
4.961953125,264.375,108
4.972578125,95.625,833
4.980078125,232.03125,168
4.9809375,246.09375,102
4.990859375,64.6875,101
4.992109375,88.59375,121
5.011484375,77.34375,141
5.03140625,74.53125,139
5.05125,71.71875,238
5.071328125,73.125,131
5.09125,71.71875,209
5.111171875,70.3125,173
5.1315625,77.34375,266
5.15140625,74.53125,335
5.16046875,237.65625,61
5.171640625,78.75,91
5.172421875,94.21875,348
5.180703125,243.28125,93
5.182890625,281.25,79
5.191640625,80.15625,207
5.191875,82.96875,212
5.211015625,67.5,199
5.231484375,77.34375,286
5.251015625,67.5,187
5.271484375,75.9375,206
5.29078125,63.28125,136
5.311875,82.96875,187
5.33109375,70.3125,245
5.351484375,75.9375,199
5.371953125,84.375,167
5.391015625,68.90625,224
5.4115625,77.34375,937
5.43140625,75.9375,205
5.451171875,70.3125,208
5.471484375,75.9375,255
5.491484375,75.9375,255
5.51140625,74.53125,275
5.53140625,75.9375,172
5.551328125,73.125,162
5.571015625,67.5,163
5.572109375,87.1875,292
5.580234375,233.4375,125
5.591640625,78.75,256
5.611640625,78.75,889
5.63234375,91.40625,257
5.6409375,246.09375,84
5.651171875,70.3125,177
5.651484375,75.9375,197
5.6615625,257.34375,109
5.671171875,71.71875,217
5.6715625,77.34375,186
5.6809375,246.09375,75
5.691171875,70.3125,201
5.7109375,66.09375,194
5.731328125,73.125,174
5.742109375,267.1875,148
5.750859375,64.6875,236
5.751640625,78.75,102
5.7625,274.21875,158
5.771484375,75.9375,207
5.772421875,92.8125,439
5.781015625,247.5,174
5.79109375,68.90625,161
5.791796875,81.5625,155
5.802890625,281.25,145
5.811484375,75.9375,290
5.82015625,230.625,58
5.831171875,70.3125,113
5.831640625,78.75,245
5.85109375,68.90625,255
5.851953125,84.375,168
5.860859375,244.6875,145
5.871484375,75.9375,267
5.891484375,75.9375,226
5.892578125,95.625,264
5.90109375,247.5,63
5.91109375,68.90625,189
5.91171875,78.75,191
5.92109375,248.90625,99
5.931171875,70.3125,181
5.931328125,73.125,771
5.940546875,239.0625,76
5.951171875,70.3125,170
5.95171875,78.75,156
5.971015625,67.5,131
5.971484375,74.53125,220
5.99140625,74.53125,171
6.011171875,68.90625,202
6.031796875,81.5625,217
6.051171875,70.3125,149
6.051640625,77.34375,183
6.06125,251.71875,91
6.071484375,74.53125,214
6.071953125,82.96875,193
6.081171875,248.90625,66
6.09109375,68.90625,173
6.09140625,73.125,194
6.111875,81.5625,252
6.120859375,244.6875,70
6.131328125,71.71875,229
6.17171875,78.75,733
6.18078125,243.28125,174
6.21125,71.71875,204
6.212109375,85.78125,277
6.23125,71.71875,162
6.251171875,70.3125,134
6.2609375,246.09375,61
6.271171875,68.90625,191
6.29203125,85.78125,214
6.311640625,78.75,141
6.33140625,73.125,244
6.34078125,243.28125,112
6.351328125,71.71875,222
6.35265625,95.625,305
6.360390625,234.84375,97
6.37109375,67.5,235
6.372578125,95.625,274
6.39171875,78.75,265
6.4121875,88.59375,101
6.430859375,64.6875,216
6.45140625,73.125,174
6.471484375,74.53125,224
6.49140625,73.125,286
6.511171875,68.90625,183
6.531484375,74.53125,243
6.54234375,270,87
6.5515625,75.9375,154
6.55234375,90,68
6.561171875,248.90625,72
6.571640625,77.34375,291
6.58078125,241.875,68
6.591015625,66.09375,168
6.611953125,81.5625,370
6.63140625,73.125,172
6.632890625,99.84375,295
6.640859375,243.28125,84
6.65125,70.3125,183
6.6528125,98.4375,106
6.661484375,254.53125,179
6.670859375,63.28125,120
6.6728125,98.4375,372
6.681015625,246.09375,139
6.691171875,67.5,179
6.701875,261.5625,182
6.711328125,71.71875,177
6.71171875,78.75,392
6.7221875,267.1875,158
6.73140625,73.125,277
6.751015625,66.09375,206
6.77203125,84.375,137
6.791875,80.15625,228
6.81109375,67.5,213
6.812265625,88.59375,60
6.831640625,77.34375,295
6.851640625,77.34375,173
6.87140625,71.71875,197
6.8721875,85.78125,336
6.879609375,220.78125,80
6.8915625,75.9375,230
6.91140625,71.71875,920
6.931640625,77.34375,261
6.933203125,105.46875,72
6.95140625,71.71875,160
6.97171875,78.75,150
6.99140625,73.125,162
7.01203125,82.96875,174
7.03109375,66.09375,177
7.03171875,78.75,220
7.040703125,239.0625,97
7.051171875,67.5,547
7.071484375,73.125,242
7.09140625,71.71875,171
7.1115625,75.9375,267
7.13125,68.90625,251
7.132109375,84.375,213
7.141328125,250.3125,107
7.152265625,87.1875,777
7.1915625,75.9375,113
7.211640625,75.9375,245
7.2321875,85.78125,105
7.25171875,77.34375,207
7.252578125,92.8125,66
7.27125,68.90625,95
7.272265625,88.59375,213
7.291328125,70.3125,260
7.292265625,88.59375,293
7.311015625,64.6875,135
7.331328125,70.3125,878
7.332578125,92.8125,187
7.3409375,243.28125,107
7.351875,80.15625,261
7.3609375,243.28125,88
7.36234375,270,183
7.371171875,67.5,460
7.380234375,230.625,101
7.381640625,257.34375,120
7.3909375,63.28125,231
7.41125,68.90625,107
7.420703125,240.46875,81
7.431640625,77.34375,296
7.451328125,70.3125,207
7.471171875,67.5,92
7.471796875,78.75,248
7.49203125,82.96875,276
7.492265625,87.1875,106
7.50125,248.90625,119
7.511328125,70.3125,233
7.531171875,67.5,175
7.551640625,75.9375,208
7.5715625,74.53125,870
7.59140625,71.71875,125
7.592578125,91.40625,306
7.601953125,261.5625,81
7.612421875,90,103
7.632421875,90,147
7.63265625,94.21875,285
7.6415625,254.53125,88
7.642734375,275.625,169
7.651015625,63.28125,114
7.651875,80.15625,181
7.66140625,250.3125,80
7.69109375,66.09375,175
7.691953125,80.15625,110
7.701484375,253.125,85
7.711484375,73.125,177
7.711875,78.75,262
7.720390625,233.4375,91
7.72171875,257.34375,112
7.731328125,70.3125,222
7.732578125,92.8125,366
7.7409375,243.28125,134
7.75140625,71.71875,200
7.751953125,81.5625,194
7.771328125,70.3125,227
7.79140625,71.71875,179
7.81125,68.90625,163
7.831484375,73.125,224
7.851015625,64.6875,147
7.871328125,68.90625,197
7.89109375,64.6875,172
7.911484375,73.125,235
7.9315625,73.125,229
7.9328125,95.625,322
7.939453125,216.5625,93
7.951875,80.15625,290
7.971796875,78.75,233
7.991171875,66.09375,166
8.011328125,70.3125,213
8.031640625,75.9375,750
8.05109375,66.09375,92
8.051875,80.15625,646
8.071640625,74.53125,173
8.09171875,75.9375,184
8.111796875,78.75,133
8.112578125,91.40625,269
8.1315625,73.125,149
8.131953125,80.15625,110
8.151640625,74.53125,150
8.17140625,71.71875,224
8.191640625,74.53125,204
8.2021875,264.375,125
8.211484375,73.125,279
8.211640625,74.53125,253
8.22328125,284.0625,144
8.232109375,84.375,188
8.251484375,73.125,896
8.27171875,75.9375,142
8.291796875,77.34375,801
8.311875,78.75,222
8.33109375,64.6875,113
8.3315625,73.125,170
8.342109375,262.96875,111
8.3509375,61.875,115
8.371484375,71.71875,179
8.391328125,68.90625,106
8.411875,78.75,221
8.431875,78.75,222
8.45171875,75.9375,254
8.472109375,82.96875,113
8.491875,78.75,248
8.531796875,77.34375,279
8.5721875,84.375,82
8.591640625,74.53125,142
8.611953125,80.15625,177
8.6315625,71.71875,102
8.651953125,80.15625,209
8.67140625,70.3125,178
8.69125,67.5,145
8.711953125,78.75,261
8.731875,78.75,301
8.75171875,74.53125,121
8.772109375,82.96875,161
8.791796875,75.9375,267
8.81203125,81.5625,144
8.831953125,78.75,116
8.852265625,84.375,194
8.8721875,82.96875,176
8.891640625,73.125,176
8.911953125,78.75,215
8.93125,66.09375,244
8.9515625,71.71875,231
8.97140625,70.3125,189
8.973671875,109.6875,217
8.991640625,73.125,201
9.0315625,71.71875,306
9.032578125,90,272
9.04046875,232.03125,73
9.04109375,243.28125,120
9.052109375,81.5625,211
9.07171875,74.53125,142
9.112265625,84.375,134
9.13171875,74.53125,130
9.15203125,80.15625,110
9.171875,75.9375,101
9.19203125,80.15625,184
9.211796875,75.9375,147
9.231875,77.34375,204
9.25140625,68.90625,173
9.261328125,246.09375,105
9.271796875,75.9375,300
9.28125,246.09375,96
9.29109375,63.28125,454
9.31171875,74.53125,233
9.33125,66.09375,224
9.33171875,73.125,177
9.351484375,70.3125,225
9.3715625,71.71875,264
9.391484375,68.90625,144
9.411875,75.9375,169
9.431953125,77.34375,122
9.451796875,74.53125,140
9.471796875,74.53125,135
9.491640625,71.71875,241
9.511875,77.34375,237
9.531875,75.9375,212
9.552109375,81.5625,123
9.57171875,74.53125,138
9.59203125,78.75,210
9.60203125,258.75,76
9.611328125,66.09375,228
9.611796875,74.53125,962
9.631875,75.9375,176
9.651796875,74.53125,128
9.67171875,73.125,751
9.692109375,80.15625,77
9.7121875,81.5625,227
9.731875,75.9375,150
9.751484375,68.90625,208
9.7715625,70.3125,133
9.7915625,70.3125,132
9.811953125,77.34375,696
9.830859375,57.65625,99
9.871484375,67.5,150
9.891640625,70.3125,246
9.911796875,73.125,66
9.9121875,81.5625,107
9.93203125,77.34375,136
9.951875,74.53125,118
9.971796875,73.125,133
9.992421875,84.375,208
10.01171875,73.125,198
10.032265625,82.96875,119
10.051484375,67.5,251
10.0721875,80.15625,120
10.11171875,73.125,242
10.131640625,70.3125,176
10.132109375,78.75,219
10.14109375,240.46875,99
10.151953125,75.9375,216
10.171796875,73.125,248
10.18171875,251.71875,63
10.191875,74.53125,131
10.192109375,78.75,76
10.20265625,268.59375,118
10.21203125,77.34375,158
10.2315625,68.90625,119
10.2328125,91.40625,342
10.241171875,241.875,187
10.251171875,61.875,156
10.252265625,81.5625,98
10.26203125,257.34375,93
10.271015625,57.65625,127
10.271796875,73.125,211
10.29140625,66.09375,188
10.331875,74.53125,219
10.351484375,66.09375,204
10.37125,63.28125,109
10.392421875,82.96875,256
10.411796875,73.125,205
10.422578125,265.78125,109
10.43109375,60.46875,486
10.450859375,56.25,105
10.452421875,84.375,171
10.461171875,241.875,78
10.472265625,81.5625,155
10.4734375,101.25,289
10.481796875,253.125,173
10.49140625,64.6875,69
10.5115625,67.5,217
10.531953125,75.9375,146
10.5525,85.78125,149
10.57203125,75.9375,200
10.582109375,257.34375,91
10.591640625,70.3125,1000
10.6315625,67.5,134
10.65234375,81.5625,320
10.6721875,80.15625,180
10.691796875,71.71875,220
10.7021875,258.75,107
10.711796875,71.71875,293
10.71265625,87.1875,188
10.721640625,248.90625,165
10.731953125,74.53125,162
10.751953125,74.53125,214
10.761953125,254.53125,72
10.771875,73.125,263
10.78015625,222.1875,93
10.782109375,255.9375,102
10.791640625,68.90625,174
10.811953125,73.125,174
10.812421875,82.96875,197
10.819921875,217.96875,94
10.831484375,66.09375,126
10.8521875,77.34375,202
10.871875,73.125,190
10.8915625,67.5,211
10.911875,71.71875,240
10.931328125,61.875,133
10.9521875,78.75,76
10.962109375,257.34375,87
10.971796875,70.3125,188
10.973046875,92.8125,316
10.98109375,237.65625,129
10.982109375,255.9375,146
10.9915625,67.5,181
11.01203125,74.53125,172
11.032421875,81.5625,112
11.05125,61.875,132
11.0721875,77.34375,108
11.092421875,82.96875,116
11.111640625,68.90625,185
11.132109375,77.34375,221
11.16171875,248.90625,67
11.172265625,78.75,157
11.191640625,68.90625,75
11.191875,71.71875,147
11.211640625,67.5,138
11.2321875,77.34375,198
11.233125,94.21875,89
11.251875,71.71875,176
11.252265625,78.75,64
11.27171875,68.90625,197
11.292109375,75.9375,267
11.311953125,73.125,214
11.312578125,84.375,248
11.319296875,205.3125,63
11.321953125,253.125,99
11.33171875,68.90625,167
11.33203125,74.53125,219
11.341328125,240.46875,81
11.3521875,77.34375,192
11.36046875,226.40625,84
11.362421875,261.5625,164
11.37171875,68.90625,127
11.39203125,74.53125,165
11.41234375,80.15625,295
11.431875,71.71875,228
11.471953125,73.125,238
11.491640625,67.5,115
11.512109375,74.53125,203
11.531640625,66.09375,163
11.5515625,64.6875,120
11.5615625,246.09375,61
11.572421875,80.15625,183
11.582734375,267.1875,121
11.5915625,64.6875,542
11.612109375,75.9375,166
11.614140625,112.5,267
11.62046875,225,125
11.632265625,77.34375,156
11.641484375,243.28125,90
11.65234375,78.75,161
11.672421875,80.15625,244
11.67359375,102.65625,233
11.679453125,206.71875,60
11.681640625,246.09375,168
11.691640625,66.09375,198
11.692890625,90,297
11.70078125,230.625,134
11.71296875,90,75
11.73234375,78.75,66
11.732734375,85.78125,971
11.74078125,230.625,62
11.7925,81.5625,100
11.811875,70.3125,157
11.832265625,77.34375,162
11.852109375,74.53125,723
11.8603125,222.1875,166
11.872578125,82.96875,107
11.893046875,91.40625,95
11.931328125,59.0625,107
11.95234375,78.75,67
11.97171875,67.5,141
11.991953125,70.3125,187
12.012109375,73.125,267
12.021484375,243.28125,112
12.0321875,74.53125,95
12.04171875,247.5,61
12.052109375,73.125,201
12.053125,92.8125,270
12.0603125,220.78125,74
12.0621875,255.9375,191
12.0715625,64.6875,232
12.072109375,74.53125,224
12.08125,237.65625,85
12.08265625,262.96875,154
12.09125,59.0625,247
12.091875,70.3125,124
12.100546875,226.40625,75
12.112109375,74.53125,230
12.13203125,73.125,182
12.152734375,85.78125,163
12.17265625,84.375,143
12.19265625,82.96875,741
12.212421875,78.75,170
12.231796875,67.5,132
12.23265625,82.96875,278
12.24015625,219.375,109
12.242265625,255.9375,152
12.25203125,73.125,170
12.252421875,78.75,329
12.26078125,229.21875,126
12.27234375,77.34375,224
12.29203125,73.125,112
12.3015625,243.28125,61
12.3115625,63.28125,137
12.3325,80.15625,583
12.333359375,95.625,216
12.340703125,227.8125,134
12.35171875,66.09375,192
12.35234375,77.34375,162
12.361953125,250.3125,160
12.372265625,75.9375,150
12.392890625,87.1875,175
12.4128125,85.78125,87
12.422265625,255.9375,87
12.4321875,74.53125,107
12.43375,102.65625,362
12.439921875,213.75,93
12.4521875,74.53125,106
12.47203125,71.71875,151
12.4721875,74.53125,115
12.4809375,232.03125,105
12.49234375,77.34375,128
12.512421875,78.75,279
12.521875,247.5,106
12.532265625,75.9375,177
12.5409375,230.625,76
12.551953125,70.3125,161
12.57234375,75.9375,121
12.591953125,70.3125,145
12.602578125,261.5625,124
12.6121875,74.53125,118
12.6128125,85.78125,357
12.622265625,255.9375,199
12.631796875,67.5,173
12.651796875,67.5,363
12.672109375,73.125,178
12.691484375,60.46875,72
12.6928125,85.78125,862
12.73203125,71.71875,146
12.77234375,77.34375,144
12.8121875,74.53125,160
12.831640625,64.6875,157
12.832890625,85.78125,293
12.84015625,216.5625,88
12.842421875,257.34375,90
12.852109375,71.71875,211
12.852265625,75.9375,187
12.861171875,234.84375,114
12.871875,67.5,128
12.8734375,97.03125,204
12.88,215.15625,89
12.883046875,268.59375,147
12.8925,78.75,104
12.911875,67.5,149
12.922265625,254.53125,69
12.931875,67.5,396
12.933125,90,310
12.94015625,216.5625,101
12.943359375,274.21875,145
12.952265625,75.9375,143
12.952734375,82.96875,376
12.960703125,226.40625,139
12.96171875,244.6875,91
12.972421875,77.34375,131
12.98234375,255.9375,62
13.0121875,73.125,236
13.03265625,81.5625,833
13.043203125,271.40625,74
13.053515625,97.03125,163
13.072578125,80.15625,243
13.083046875,268.59375,100
13.0925,78.75,168
13.1040625,285.46875,105
13.112734375,81.5625,302
13.12265625,260.15625,84
13.132265625,74.53125,222
13.132421875,77.34375,307
13.14109375,233.4375,151
13.15234375,75.9375,97
13.15265625,81.5625,540
13.16234375,254.53125,82
13.1721875,71.71875,166
13.192421875,77.34375,97
13.21234375,75.9375,107
13.232421875,77.34375,249
13.24234375,255.9375,83
13.251953125,68.90625,80
13.283359375,274.21875,97
13.292109375,70.3125,80
13.312421875,75.9375,190
13.332421875,77.34375,179
13.34203125,248.90625,75
13.3515625,61.875,114
13.37203125,70.3125,104
13.381953125,247.5,60
13.391875,66.09375,172
13.39359375,97.03125,378
13.399921875,210.9375,69
13.40109375,233.4375,144
13.442421875,257.34375,109
13.451796875,64.6875,123
13.4928125,82.96875,96
13.512421875,75.9375,246
13.52203125,248.90625,81
13.532578125,78.75,167
13.551796875,64.6875,227
13.572109375,70.3125,204
13.59203125,68.90625,147
13.6025,257.34375,99
13.6128125,82.96875,328
13.62,212.34375,72
13.62171875,244.6875,113
13.623515625,275.625,153
13.6315625,60.46875,86
13.652109375,70.3125,182
13.6625,257.34375,77
13.67234375,74.53125,124
13.673359375,92.8125,69
13.6915625,60.46875,64
13.692421875,75.9375,227
13.70265625,260.15625,77
13.712578125,78.75,152
13.733515625,95.625,84
13.75265625,80.15625,618
13.760390625,219.375,154
13.76265625,260.15625,84
13.772109375,70.3125,194
13.7728125,82.96875,404
13.78015625,215.15625,97
13.80421875,288.28125,134
13.81171875,63.28125,226
13.8125,77.34375,354
13.82171875,243.28125,170
13.8321875,71.71875,67
13.832578125,78.75,236
13.840859375,227.8125,135
13.852109375,70.3125,91
13.85234375,73.125,64
13.871953125,67.5,118
13.873359375,92.8125,262
13.8809375,229.21875,145
13.8921875,71.71875,181
13.903203125,270,142
13.9125,77.34375,153
13.913125,88.59375,369
13.920546875,222.1875,128
13.932109375,70.3125,187
13.942421875,254.53125,101
13.952421875,75.9375,613
13.962578125,258.75,126
13.97265625,80.15625,189
13.993359375,92.8125,63
14.0134375,92.8125,58
14.0228125,262.96875,118
14.032890625,82.96875,396
14.033203125,90,82
14.039921875,210.9375,87
14.0421875,251.71875,185
14.052578125,77.34375,110
14.05328125,90,339
14.06015625,213.75,103
14.061640625,241.875,136
14.072265625,71.71875,172
14.092265625,71.71875,74
14.093359375,91.40625,100
14.10328125,271.40625,137
14.112578125,77.34375,90
14.132734375,80.15625,177
14.151953125,66.09375,78
14.15265625,78.75,252
14.160625,222.1875,80
14.163828125,281.25,134
14.172421875,75.9375,201
14.192890625,82.96875,101
14.232578125,78.75,203
14.25296875,84.375,85
14.2721875,70.3125,616
14.283125,267.1875,97
14.292265625,71.71875,113
14.292734375,80.15625,378
14.300625,222.1875,124
14.312421875,74.53125,139
14.33203125,67.5,92
14.33390625,102.65625,77
14.363046875,265.78125,143
14.3725,75.9375,184
14.37328125,90,409
14.38078125,225,166
14.392421875,74.53125,144
14.4028125,261.5625,145
14.41203125,68.90625,194
14.431796875,63.28125,135
14.452265625,71.71875,187
14.471640625,60.46875,111
14.4928125,81.5625,92
14.513125,87.1875,104
14.52296875,264.375,102
14.532421875,74.53125,315
14.533515625,94.21875,182
14.5528125,80.15625,101
14.57296875,84.375,89
14.5921875,70.3125,186
14.61296875,82.96875,187
14.623125,265.78125,105
14.63171875,61.875,65
14.633125,87.1875,240
14.65265625,78.75,105
14.672265625,71.71875,129
14.693203125,88.59375,88
14.71203125,67.5,108
14.7325,75.9375,179
14.752578125,77.34375,107
14.79265625,77.34375,144
14.7934375,91.40625,264
14.8015625,237.65625,174
14.812265625,70.3125,609
14.812890625,82.96875,233
14.82078125,225,94
14.822734375,260.15625,81
14.831875,64.6875,160
14.840703125,222.1875,60
14.8428125,261.5625,88
14.8528125,80.15625,258
14.860078125,210.9375,66
14.86125,232.03125,61
14.872421875,73.125,167
14.8825,254.53125,90
14.8928125,81.5625,322
14.9,209.53125,69
14.91296875,82.96875,734
14.922734375,258.75,88
14.93234375,71.71875,199
14.9621875,248.90625,73
14.973203125,87.1875,102
14.992421875,74.53125,126
15.002109375,247.5,63
15.013359375,90,70
15.042578125,255.9375,84
15.052734375,78.75,288
15.0603125,215.15625,89
15.07171875,60.46875,92
15.082421875,253.125,118
15.09203125,66.09375,115
15.102734375,258.75,70
15.112734375,78.75,154
15.13234375,71.71875,139
15.142890625,260.15625,86
15.153046875,84.375,111
15.1534375,91.40625,331
15.160390625,216.5625,113
15.173359375,90,93
15.18234375,251.71875,83
15.1928125,78.75,162
15.20265625,257.34375,68
15.213125,85.78125,83
15.2228125,260.15625,69
15.23203125,66.09375,502
15.243046875,262.96875,71
15.25296875,82.96875,329
15.260234375,212.34375,82
15.282109375,247.5,88
15.292421875,73.125,236
15.312421875,73.125,150
15.321875,243.28125,63
15.3325,74.53125,163
15.332734375,78.75,62
15.352890625,80.15625,145
15.36234375,250.3125,61
15.372578125,75.9375,94
15.38234375,251.71875,63
15.39203125,64.6875,132
15.412578125,74.53125,122
15.42265625,255.9375,78
15.4325,74.53125,122
15.43359375,92.8125,370
15.44,208.125,78
15.441796875,240.46875,158
15.452421875,71.71875,135
15.4625,253.125,70
15.48234375,250.3125,61
15.4928125,80.15625,102
15.512890625,80.15625,164
15.5228125,258.75,84
15.532578125,74.53125,131
15.552109375,66.09375,64
15.57265625,75.9375,147
15.58234375,250.3125,80
15.592890625,80.15625,91
15.60328125,267.1875,76
15.61265625,77.34375,184
15.63265625,75.9375,114
15.64265625,255.9375,77
15.65234375,70.3125,147
15.663203125,265.78125,71
15.672265625,68.90625,126
15.68296875,261.5625,61
15.692421875,70.3125,95
15.71234375,70.3125,378
15.723125,264.375,57
15.752734375,77.34375,209
15.772421875,71.71875,114
15.793046875,82.96875,102
15.802734375,257.34375,100
15.8128125,77.34375,989
15.820703125,219.375,89
15.84265625,254.53125,115
15.883046875,261.5625,89
15.89265625,75.9375,92
15.9440625,279.84375,87
15.95234375,68.90625,145
15.95359375,91.40625,412
15.960546875,217.96875,132
15.973359375,87.1875,134
15.9925,71.71875,162
16.0125,73.125,188
16.022265625,248.90625,71
16.033203125,84.375,87
16.05328125,87.1875,270
16.060625,217.96875,102
16.062265625,247.5,138
16.0721875,66.09375,150
16.0925,71.71875,149
16.11265625,74.53125,159
16.1228125,258.75,86
16.133203125,84.375,372
16.14046875,215.15625,116
16.152734375,75.9375,201
16.172109375,64.6875,83
16.182421875,250.3125,97
16.19265625,74.53125,154
16.203359375,267.1875,81
16.2128125,77.34375,103
16.23234375,68.90625,629
16.27234375,67.5,103
16.273515625,88.59375,797
16.28296875,260.15625,94
16.2934375,87.1875,96
16.312109375,64.6875,104
16.31375,94.21875,342
16.3215625,234.84375,161
16.33234375,68.90625,236
16.3328125,77.34375,84
16.34078125,219.375,64
16.34265625,254.53125,59
16.353359375,87.1875,104
16.35390625,97.03125,219
16.3609375,222.1875,108
16.3628125,257.34375,62
16.372734375,74.53125,146
16.381875,239.0625,65
16.403359375,265.78125,116
16.413046875,80.15625,331
16.42125,227.8125,126
16.432578125,73.125,214
16.442578125,251.71875,85
16.4525,70.3125,146
16.4634375,268.59375,77
16.47234375,67.5,143
16.493203125,82.96875,645
16.502890625,257.34375,81
16.512578125,71.71875,118
16.513125,82.96875,327
16.521640625,236.25,166
16.532890625,77.34375,149
16.542734375,254.53125,75
16.552109375,63.28125,178
16.553515625,88.59375,96
16.561640625,236.25,87
16.573359375,85.78125,112
16.59265625,73.125,168
16.593828125,94.21875,58
16.612578125,71.71875,85
16.63296875,78.75,844
16.6425,250.3125,69
16.652578125,71.71875,133
16.653203125,82.96875,296
16.66109375,225,128
16.6725,71.71875,110
16.683125,261.5625,115
16.70328125,264.375,69
16.712890625,77.34375,305
16.72125,227.8125,184
16.73359375,90,142
16.742265625,246.09375,66
16.75265625,73.125,131
16.772890625,77.34375,111
16.812734375,74.53125,72
16.82296875,258.75,93
16.83328125,84.375,65
16.833359375,85.78125,314
16.840625,216.5625,86
16.842421875,248.90625,153
16.853515625,88.59375,202
16.873046875,80.15625,137
16.88234375,246.09375,64
16.8934375,85.78125,170
16.89375,92.8125,310
16.900703125,217.96875,119
16.90265625,251.71875,166
16.91296875,78.75,113
16.914921875,113.90625,303
16.92046875,212.34375,78
16.922109375,243.28125,158
16.933125,81.5625,64
16.97265625,71.71875,83
16.992890625,75.9375,171
17.003203125,262.96875,86
17.012421875,67.5,63
17.013046875,78.75,625
17.042890625,255.9375,75
17.05265625,71.71875,133
17.09265625,73.125,439
17.113203125,81.5625,113
17.132421875,67.5,152
17.14296875,258.75,90
17.15203125,61.875,169
17.172890625,77.34375,194
17.1921875,64.6875,174
17.2125,70.3125,142
17.223125,260.15625,100
17.2325,68.90625,297
17.241640625,233.4375,123
17.253359375,84.375,118
17.263125,260.15625,102
17.27265625,71.71875,92
17.273046875,80.15625,75
17.293203125,81.5625,146
17.29375,91.40625,311
17.301015625,222.1875,126
17.313125,80.15625,196
17.321015625,222.1875,96
17.332421875,67.5,129
17.342734375,253.125,85
17.352734375,73.125,139
17.37234375,66.09375,92
17.383203125,261.5625,98
17.392578125,68.90625,161
17.412578125,70.3125,987
17.432734375,73.125,99
17.433203125,81.5625,67
17.43375,91.40625,289
17.44125,226.40625,143
17.45234375,66.09375,149
17.47296875,75.9375,120
17.48390625,272.8125,103
17.493125,80.15625,351
17.500625,213.75,88
17.502734375,253.125,178
17.51296875,77.34375,192
17.51359375,88.59375,370
17.520625,215.15625,112
17.523515625,267.1875,96
17.533046875,78.75,276
17.541328125,226.40625,87
17.552421875,66.09375,110
17.563203125,260.15625,77
17.57234375,66.09375,133
17.583125,258.75,82
17.5928125,74.53125,93
17.6128125,74.53125,97
17.633203125,80.15625,120
17.642734375,251.71875,77
17.653515625,85.78125,343
17.6609375,220.78125,126
17.673046875,77.34375,78
17.683125,258.75,105
17.692734375,71.71875,127
17.713515625,85.78125,116
17.713828125,91.40625,268
17.721015625,220.78125,106
17.732890625,75.9375,164
17.743359375,264.375,86
17.7525,67.5,140
17.753359375,82.96875,276
17.77328125,81.5625,114
17.792421875,66.09375,122
17.812578125,68.90625,125
17.8528125,73.125,80
17.873125,78.75,134
17.91265625,70.3125,91
17.952734375,71.71875,98
17.973046875,77.34375,152
17.993046875,77.34375,97
18.012421875,66.09375,118
18.033515625,84.375,93
18.073046875,77.34375,210
18.092421875,66.09375,181
18.133359375,82.96875,104
18.15328125,80.15625,132
18.172265625,63.28125,266
18.192578125,68.90625,92
18.193203125,78.75,125
18.212734375,70.3125,149
18.232890625,73.125,428
18.253046875,75.9375,569
18.263046875,255.9375,59
18.273046875,75.9375,103
18.292890625,73.125,57
18.313203125,78.75,99
18.3328125,71.71875,99
18.353125,77.34375,59
18.373203125,78.75,112
18.39421875,97.03125,80
18.412578125,67.5,317
18.453671875,85.78125,120
18.47234375,61.875,82
18.473359375,80.15625,203
18.483046875,255.9375,61
18.4934375,82.96875,126
18.51265625,68.90625,115
18.513203125,78.75,71
18.532734375,70.3125,109
18.5528125,71.71875,149
18.572734375,68.90625,184
18.593359375,80.15625,246
18.613046875,74.53125,70
18.614296875,98.4375,76
18.6228125,250.3125,59
18.632890625,73.125,122
18.65296875,73.125,170
18.673203125,77.34375,162
18.673984375,91.40625,308
18.683515625,262.96875,60
18.6921875,59.0625,89
18.71375,87.1875,131
18.722265625,240.46875,66
18.7321875,59.0625,66
18.733984375,92.8125,221
18.7528125,70.3125,218
18.77296875,73.125,754
18.7928125,70.3125,199
18.81234375,61.875,96
18.832734375,68.90625,506
18.85328125,77.34375,109
18.873359375,80.15625,88
18.9125,63.28125,89
18.953359375,80.15625,75
18.97234375,61.875,127
18.99328125,78.75,75
19.012734375,68.90625,63
19.053671875,85.78125,75
19.11296875,71.71875,76
19.11390625,88.59375,238
19.121796875,230.625,77
19.153125,74.53125,91
19.193359375,78.75,284
19.213125,74.53125,122
19.23265625,66.09375,141
19.253515625,80.15625,108
19.29359375,81.5625,95
19.313046875,73.125,142
19.33296875,70.3125,109
19.352890625,68.90625,523
19.373046875,71.71875,91
19.393828125,85.78125,245
19.413515625,80.15625,131
19.41546875,116.71875,119
19.452578125,63.28125,86
19.492734375,66.09375,142
19.493828125,85.78125,205
19.503671875,262.96875,133
19.51359375,81.5625,97
19.53328125,75.9375,120
19.57265625,64.6875,257
19.593828125,85.78125,82
19.612734375,64.6875,442
19.633203125,73.125,76
19.653046875,71.71875,529
19.673359375,75.9375,84
19.692734375,66.09375,79
19.713515625,78.75,169
19.75328125,74.53125,133
19.77359375,80.15625,233
19.77375,82.96875,192
19.793359375,75.9375,156
19.81359375,80.15625,89
19.8334375,77.34375,146
19.873125,71.71875,98
19.893203125,71.71875,135
19.9140625,87.1875,89
19.932890625,66.09375,140
19.95296875,68.90625,125
19.99328125,73.125,186
20.013984375,87.1875,78
20.053046875,70.3125,97
20.073984375,85.78125,132
20.09296875,67.5,144
20.11296875,67.5,149
20.133125,70.3125,128
20.133828125,82.96875,74
20.143828125,262.96875,62
20.1534375,75.9375,113
20.15359375,78.75,87
20.173359375,74.53125,113
20.1734375,75.9375,58
20.194375,92.8125,121
20.213203125,71.71875,117
20.253828125,82.96875,81
20.272734375,63.28125,299
20.314453125,92.8125,278
20.32234375,234.84375,93
20.3234375,254.53125,62
20.33328125,71.71875,170
20.333828125,81.5625,237
20.341953125,227.8125,62
20.35375,80.15625,158
20.373125,68.90625,134
20.383671875,258.75,77
20.393359375,73.125,132
20.43390625,82.96875,153
20.4540625,85.78125,87
20.473125,68.90625,102
20.51359375,77.34375,93
20.533359375,73.125,697
20.55328125,70.3125,233
20.593125,68.90625,175
20.6128125,61.875,492
20.615234375,106.875,58
20.624375,271.40625,66
20.632734375,61.875,714
20.673515625,74.53125,101
20.71328125,71.71875,62
20.71375,78.75,183
20.722890625,244.6875,73
20.733125,67.5,79
20.753828125,80.15625,63
20.77453125,92.8125,225
20.833828125,80.15625,87
20.853671875,75.9375,67
20.854453125,91.40625,281
20.862890625,241.875,134
20.87421875,87.1875,81
20.893046875,66.09375,88
20.93390625,81.5625,172
20.95390625,81.5625,119
20.995,99.84375,80
21.0134375,71.71875,96
21.053359375,71.71875,108
21.073671875,75.9375,100
21.07546875,108.28125,93
21.113046875,64.6875,95
21.11375,77.34375,93
21.133515625,73.125,133
21.153671875,74.53125,81
21.17359375,74.53125,73
21.194140625,82.96875,136
21.2034375,251.71875,86
21.233125,66.09375,84
21.253046875,64.6875,94
21.273515625,71.71875,89
21.3140625,82.96875,90
21.334375,87.1875,62
21.353984375,80.15625,88
21.3734375,70.3125,453
21.413125,64.6875,79
21.433671875,74.53125,136
21.453359375,68.90625,106
21.453828125,77.34375,81
21.465,278.4375,67
21.47296875,61.875,91
21.474921875,97.03125,164
21.48328125,246.09375,75
21.493515625,70.3125,153
21.513515625,71.71875,116
21.53328125,67.5,562
21.573984375,78.75,61
21.59515625,99.84375,59
21.61375,74.53125,141
21.633515625,70.3125,134
21.673515625,70.3125,103
21.6940625,80.15625,144
21.733828125,74.53125,107
21.735,97.03125,57
21.753984375,77.34375,115
21.77359375,70.3125,136
21.8140625,78.75,149
21.82328125,244.6875,81
21.853671875,71.71875,603
21.893046875,61.875,96
21.913828125,74.53125,104
21.933359375,66.09375,92
21.934375,84.375,271
21.943203125,243.28125,135
21.9540625,78.75,93
21.9746875,90,61
21.97515625,98.4375,69
21.993671875,71.71875,146
22.01359375,70.3125,142
22.014375,84.375,238
22.0228125,234.84375,118
22.0346875,90,78
22.074140625,80.15625,106
22.113984375,77.34375,93
22.13375,71.71875,110
22.154453125,84.375,60
22.174375,82.96875,89
22.23359375,68.90625,87
22.25328125,63.28125,296
22.29328125,63.28125,387
22.313828125,73.125,102
22.334140625,78.75,81
22.35390625,74.53125,81
22.39390625,73.125,80
22.414609375,85.78125,100
22.444296875,260.15625,79
22.45375,70.3125,268
22.47390625,73.125,120
22.4934375,64.6875,124
22.51359375,66.09375,519
22.53390625,73.125,136
22.5540625,74.53125,156
22.554140625,75.9375,239
22.564296875,260.15625,125
22.57328125,61.875,82
22.574609375,84.375,310
22.583125,237.65625,151
22.59609375,111.09375,205
22.601640625,210.9375,64
22.603515625,244.6875,120
22.653984375,73.125,106
22.67421875,77.34375,90
22.68421875,257.34375,91
22.69421875,77.34375,98
22.754140625,75.9375,351
22.773984375,73.125,161
22.79375,67.5,100
22.803828125,250.3125,64
22.814140625,75.9375,163
22.833984375,73.125,212
22.854140625,75.9375,163
22.873671875,66.09375,72
22.934609375,82.96875,111
22.9740625,73.125,95
23.013984375,71.71875,72
23.03453125,81.5625,80
23.04453125,260.15625,78
23.054765625,84.375,145
23.063046875,234.84375,94
23.07359375,63.28125,81
23.09484375,87.1875,472
23.103671875,244.6875,60
23.11375,66.09375,232
23.15453125,80.15625,159
23.1746875,82.96875,77
23.194375,75.9375,88
23.2040625,250.3125,65
23.255859375,104.0625,276
23.262734375,227.8125,138
23.293984375,68.90625,93
23.314375,75.9375,180
23.334453125,77.34375,103
23.3440625,251.71875,63
23.354453125,77.34375,85
23.374453125,77.34375,386
23.3825,222.1875,124
23.41375,64.6875,231
23.43390625,67.5,146
23.453515625,59.0625,63
23.47421875,71.71875,678
23.504140625,250.3125,67
23.514140625,70.3125,113
23.51609375,105.46875,329
23.522109375,213.75,90
23.523984375,248.90625,166
23.55375,63.28125,122
23.57375,63.28125,137
23.593984375,67.5,98
23.614375,74.53125,157
23.62453125,257.34375,81
23.635078125,85.78125,331
23.6428125,226.40625,139
23.65453125,75.9375,112
23.674140625,70.3125,93
23.684375,253.125,78
23.694296875,73.125,220
23.703046875,230.625,87
23.7040625,247.5,110
23.71390625,64.6875,145
23.73484375,81.5625,126
23.744296875,251.71875,74
23.754296875,71.71875,98
23.7546875,78.75,240
23.7625,220.78125,96
23.774140625,68.90625,128
23.794609375,77.34375,119
23.8146875,77.34375,102
23.874375,71.71875,155
23.893984375,64.6875,65
23.914453125,73.125,496
23.93421875,70.3125,141
23.94421875,248.90625,61
23.95515625,87.1875,76
23.994453125,73.125,84
24.01484375,80.15625,215
24.035234375,87.1875,135
24.054453125,73.125,83
24.134296875,68.90625,112
24.175078125,82.96875,134
24.184921875,260.15625,82
24.194453125,71.71875,118
24.213984375,63.28125,146
24.234921875,80.15625,99
24.2546875,75.9375,76
24.27484375,78.75,87
24.315,80.15625,92
24.334296875,67.5,82
24.375,80.15625,76
24.3946875,74.53125,75
24.39515625,82.96875,205
24.40421875,246.09375,119
24.414765625,75.9375,116
24.435390625,87.1875,58
24.474921875,78.75,89
24.4834375,232.03125,60
24.49484375,77.34375,150
24.534296875,66.09375,82
24.59453125,70.3125,87
24.615078125,80.15625,174
24.624921875,257.34375,70
24.635078125,80.15625,113
24.635703125,90,373
24.642421875,212.34375,86
24.64421875,243.28125,137
24.685390625,265.78125,60
24.694453125,68.90625,80
24.695625,90,111
24.705703125,270,58
24.7353125,84.375,86
24.754609375,70.3125,124
24.7746875,73.125,81
24.794765625,73.125,171
24.815078125,78.75,110
24.83515625,80.15625,141
24.8446875,251.71875,70
24.854375,66.09375,68
24.856015625,95.625,313
24.86421875,243.28125,115
24.894296875,64.6875,102
24.904921875,254.53125,67
24.935859375,91.40625,68
24.954765625,71.71875,147
24.975390625,82.96875,495
24.995078125,77.34375,93
25.014921875,73.125,133
25.035078125,77.34375,92
25.055078125,77.34375,88
25.0946875,68.90625,139
25.115546875,84.375,83
25.15484375,71.71875,122
25.185234375,258.75,81
25.195234375,78.75,78
25.196328125,98.4375,361
25.203203125,222.1875,144
25.235390625,81.5625,74
25.275390625,81.5625,102
25.31453125,64.6875,128
25.3346875,67.5,552
25.374609375,66.09375,178
25.39421875,59.0625,105
25.41484375,70.3125,104
25.43515625,75.9375,119
25.43578125,87.1875,58
25.45515625,74.53125,69
25.53453125,63.28125,74
25.545390625,258.75,80
25.555546875,80.15625,62
25.644921875,248.90625,69
25.6953125,75.9375,117
25.714765625,66.09375,91
25.755234375,73.125,305
25.795546875,78.75,83
25.815078125,71.71875,117
25.83484375,66.09375,123
25.83609375,88.59375,305
25.84375,226.40625,108
25.8546875,63.28125,104
25.86515625,250.3125,78
25.874921875,67.5,111
25.876328125,92.8125,62
25.88453125,239.0625,82
25.895390625,74.53125,130
25.90546875,257.34375,84
25.91578125,81.5625,117
25.9353125,74.53125,81
25.955390625,75.9375,123
25.965703125,260.15625,74
25.974609375,60.46875,165
25.975234375,71.71875,145
25.98421875,233.4375,78
25.99515625,70.3125,122
26.004765625,243.28125,69
26.02546875,255.9375,77
26.0353125,73.125,105
26.0653125,253.125,65
26.075859375,82.96875,137
26.14546875,254.53125,75
26.155078125,67.5,94
26.15546875,74.53125,249
26.166015625,264.375,174
26.17640625,91.40625,179
26.195390625,73.125,81
26.2159375,82.96875,66
26.234765625,61.875,62
26.25609375,84.375,86
26.285390625,251.71875,70
26.335,63.28125,106
26.36609375,262.96875,90
26.375390625,71.71875,176
26.395703125,75.9375,134
26.405234375,247.5,72
26.41578125,77.34375,147
26.435703125,75.9375,128
26.446171875,264.375,74
26.4559375,80.15625,345
26.46375,220.78125,99
26.4665625,271.40625,79
26.47546875,70.3125,211
26.484140625,227.8125,103
26.48546875,250.3125,61
26.4959375,80.15625,216
26.503671875,219.375,83
26.505234375,246.09375,66
26.506328125,265.78125,203
26.516015625,80.15625,92
26.535859375,77.34375,83
26.55578125,75.9375,90
26.5753125,67.5,620
26.585546875,251.71875,74
26.595859375,77.34375,68
26.615625,71.71875,510
26.62640625,267.1875,71
26.635234375,64.6875,232
26.64453125,233.4375,89
26.675234375,66.09375,135
26.68546875,248.90625,71
26.695546875,70.3125,217
26.7040625,223.59375,96
26.716484375,88.59375,80
26.725859375,255.9375,86
26.736875,94.21875,91
26.755546875,70.3125,79
26.756484375,87.1875,102
26.76515625,243.28125,57
26.7759375,77.34375,155
26.815703125,73.125,101
26.83515625,61.875,103
26.846171875,260.15625,89
26.875625,70.3125,97
26.905859375,254.53125,78
26.935234375,63.28125,96
26.946015625,257.34375,67
26.99640625,82.96875,71
27.0065625,267.1875,88
27.095859375,73.125,72
27.136015625,74.53125,92
27.156171875,77.34375,130
27.166875,270,93
27.175625,68.90625,235
27.17625,78.75,102
27.184453125,226.40625,89
27.25609375,75.9375,89
27.275625,66.09375,74
27.286796875,268.59375,101
27.296328125,80.15625,348
27.304296875,222.1875,112
27.30765625,282.65625,181
27.31640625,80.15625,86
27.336015625,73.125,96
27.37609375,74.53125,106
27.406640625,264.375,77
27.41609375,74.53125,123
27.417734375,104.0625,453
27.42421875,220.78125,124
27.426015625,251.71875,181
27.43609375,73.125,86
27.475625,64.6875,170
27.486328125,257.34375,70
27.495859375,68.90625,108
27.51578125,67.5,330
27.5565625,81.5625,84
27.59640625,77.34375,176
27.606484375,260.15625,75
27.616015625,70.3125,119
27.61609375,71.71875,245
27.625625,244.6875,110
27.65671875,82.96875,84
27.675390625,59.0625,105
27.696484375,77.34375,87
27.735859375,66.09375,547
27.756015625,70.3125,122
27.7765625,78.75,141
27.81640625,77.34375,136
27.836484375,77.34375,97
27.84671875,260.15625,98
27.856171875,71.71875,116
27.856484375,77.34375,371
27.865859375,246.09375,87
27.876953125,84.375,66
27.896875,82.96875,83
27.936640625,80.15625,61
27.996171875,70.3125,79
28.08609375,248.90625,80
28.096171875,68.90625,105
28.0978125,99.84375,65
28.10625,250.3125,58
28.127109375,265.78125,80
28.136640625,75.9375,75
28.137734375,97.03125,86
28.15671875,78.75,61
28.176484375,74.53125,82
28.21671875,78.75,87
28.236328125,70.3125,91
28.23765625,94.21875,79
28.276640625,75.9375,295
28.356484375,73.125,73
28.3765625,73.125,62
28.417109375,82.96875,81
28.4365625,73.125,97
28.4559375,61.875,126
28.476171875,66.09375,275
28.506796875,257.34375,73
28.536484375,70.3125,542
28.557421875,87.1875,86
28.566015625,243.28125,73
28.576484375,70.3125,203
28.59703125,80.15625,80
28.616796875,75.9375,64
28.63703125,80.15625,83
28.676015625,60.46875,135
28.678046875,97.03125,59
28.696953125,77.34375,147
28.7078125,272.8125,58
28.716171875,63.28125,70
28.737109375,80.15625,524
28.7565625,70.3125,923
28.796328125,66.09375,114
28.816953125,77.34375,87
28.836953125,77.34375,64
28.856875,75.9375,102
28.877265625,82.96875,77
28.89703125,78.75,622
28.936796875,73.125,909
28.956484375,67.5,196
28.976484375,67.5,203
29.136796875,71.71875,78
29.176875,71.71875,74
29.2171875,77.34375,95
29.23703125,74.53125,71
29.297109375,75.9375,78
29.316640625,67.5,151
29.337109375,74.53125,129
29.357265625,77.34375,108
29.38765625,264.375,86
29.397578125,82.96875,82
29.39796875,90,347
29.40609375,236.25,220
29.4771875,74.53125,143
29.496953125,71.71875,147
29.4984375,98.4375,265
29.50640625,240.46875,141
29.516875,68.90625,148
29.53703125,73.125,91
29.538046875,91.40625,294
29.54640625,240.46875,152
29.547421875,258.75,93
29.5571875,74.53125,335
29.576484375,61.875,106
29.578046875,90,344
29.585625,226.40625,144
29.636796875,67.5,109
29.6771875,74.53125,168
29.6990625,106.875,219
29.705625,225,94
29.707109375,251.71875,161
29.71734375,75.9375,152
29.736796875,66.09375,146
29.757265625,74.53125,510
29.77734375,74.53125,129
29.797578125,78.75,102
29.8171875,71.71875,99
29.847265625,253.125,67
29.85796875,85.78125,66
29.8771875,71.71875,119
29.88734375,254.53125,64
29.897109375,70.3125,251
29.905234375,216.5625,68
29.906875,246.09375,93
29.917265625,73.125,102
29.938203125,90,58
29.95734375,73.125,96
29.9971875,70.3125,111
30.04875,278.4375,91
30.05734375,71.71875,96
30.116953125,64.6875,447
30.1371875,68.90625,517
30.157109375,67.5,98
30.1778125,80.15625,73
30.197109375,67.5,137
30.2175,74.53125,67
30.238515625,92.8125,61
30.257578125,75.9375,66
30.477578125,73.125,118
30.497421875,70.3125,98
30.597578125,71.71875,81
30.617890625,77.34375,80
30.618671875,91.40625,222
30.6265625,233.4375,98
30.627734375,254.53125,134
30.637421875,68.90625,154
30.657578125,71.71875,98
30.67828125,84.375,83
30.698359375,84.375,72
30.718125,81.5625,101
30.76796875,257.34375,75
30.77796875,77.34375,87
30.7978125,73.125,68
30.8184375,85.78125,67
30.8571875,61.875,87
30.867421875,247.5,61
30.87796875,75.9375,79
30.8978125,74.53125,85
30.917734375,71.71875,161
30.958046875,75.9375,73
30.978125,77.34375,62
30.998359375,82.96875,68
31.058203125,78.75,76
31.07796875,74.53125,67
31.09828125,80.15625,61
31.118046875,75.9375,68
31.13796875,74.53125,82
31.177890625,71.71875,85
31.2178125,71.71875,66
31.238203125,77.34375,133
31.278359375,80.15625,73
31.297890625,70.3125,127
31.3378125,68.90625,83
31.348828125,267.1875,107
31.358671875,85.78125,121
31.378046875,73.125,118
31.397578125,64.6875,143
31.40796875,251.71875,60
31.418125,74.53125,112
31.4184375,78.75,356
31.427109375,234.84375,149
31.44921875,274.21875,121
31.4575,61.875,98
31.477890625,68.90625,131
31.498046875,73.125,147
31.518125,73.125,109
31.558125,73.125,84
31.61765625,64.6875,88
31.678359375,77.34375,66
31.688359375,255.9375,68
31.6978125,66.09375,89
31.838046875,68.90625,86
31.858046875,68.90625,594
31.91828125,71.71875,71
31.938203125,71.71875,80
31.958125,68.90625,97
31.9784375,74.53125,165
31.998125,68.90625,87
32.039296875,88.59375,70
32.05875,78.75,88
32.0796875,97.03125,285
32.087734375,240.46875,151
32.098515625,74.53125,106
32.137734375,60.46875,105
32.158046875,64.6875,507
32.179140625,84.375,76
32.418984375,80.15625,78
32.458359375,68.90625,87
32.478984375,80.15625,59
32.47953125,90,83
32.49890625,77.34375,107
32.508125,244.6875,64
32.520703125,109.6875,97
32.52765625,234.84375,60
32.6784375,67.5,278
32.6890625,258.75,90
32.699453125,85.78125,335
32.70703125,222.1875,87
32.708828125,254.53125,141
32.71890625,75.9375,90
32.720859375,109.6875,269
32.727578125,230.625,137
32.7390625,78.75,176
32.746875,217.96875,63
32.74890625,254.53125,151
32.758828125,74.53125,93
32.83984375,91.40625,61
32.879375,82.96875,73
32.898984375,75.9375,190
32.899375,82.96875,433
32.908125,240.46875,106
32.91859375,67.5,82
32.958984375,75.9375,69
33.0196875,87.1875,72
33.058515625,64.6875,93
33.07890625,73.125,85
33.08890625,253.125,58
33.11984375,88.59375,71
33.14953125,262.96875,71
33.158828125,70.3125,265
33.19953125,82.96875,67
33.23953125,81.5625,77
33.259140625,75.9375,106
33.288984375,251.71875,84
33.298828125,68.90625,107
33.299296875,77.34375,254
33.3071875,217.96875,74
33.31015625,272.8125,132
33.31921875,75.9375,92
33.459296875,75.9375,65
33.52890625,248.90625,65
33.59890625,67.5,67
33.629921875,265.78125,68
33.63921875,73.125,80
33.7190625,68.90625,103
33.72859375,240.46875,61
33.779921875,82.96875,70
33.859375,73.125,277
33.879296875,71.71875,78
33.919921875,82.96875,104
33.939609375,77.34375,490
33.94984375,260.15625,69
34.018984375,64.6875,86
34.099765625,78.75,122
34.11921875,67.5,99
34.15953125,73.125,75
34.2596875,74.53125,141
34.2996875,73.125,304
34.320078125,80.15625,115
34.339375,67.5,134
34.349453125,250.3125,63
34.359921875,78.75,95
34.37953125,70.3125,98
34.39890625,59.0625,124
34.439765625,74.53125,85
34.570390625,264.375,83
34.579765625,73.125,98
34.581171875,98.4375,330
34.58859375,232.03125,130
34.590625,268.59375,136
34.600546875,87.1875,383
34.6084375,227.8125,138
34.620625,88.59375,78
34.68015625,78.75,124
34.69015625,258.75,94
34.70015625,78.75,318
34.708046875,220.78125,107
34.769609375,248.90625,66
34.890078125,255.9375,91
34.900546875,84.375,314
34.90765625,210.9375,72
34.91953125,66.09375,82
34.94046875,81.5625,70
34.999453125,63.28125,170
35.019921875,70.3125,105
35.050078125,254.53125,85
35.059375,61.875,113
35.0996875,66.09375,140
35.10015625,74.53125,717
35.108515625,225,75
35.1203125,77.34375,64
35.1996875,66.09375,74
35.210546875,261.5625,95
35.219765625,67.5,136
35.22109375,90,350
35.2284375,222.1875,120
35.239765625,66.09375,162
35.240859375,85.78125,69
35.24921875,236.25,61
35.260859375,87.1875,79
35.310234375,254.53125,81
35.339921875,67.5,64
35.35984375,66.09375,94
35.37015625,251.71875,66
35.400390625,75.9375,104
35.471015625,265.78125,67
35.482421875,111.09375,62
35.54046875,75.9375,76
35.570234375,251.71875,73
35.600703125,80.15625,58
35.62109375,85.78125,73
35.63109375,267.1875,76
35.641328125,91.40625,105
35.661171875,88.59375,586
35.700234375,70.3125,58
35.800703125,78.75,103
35.88046875,73.125,73
35.900625,75.9375,106
35.92046875,73.125,85
35.940078125,66.09375,128
35.960859375,80.15625,105
36.03078125,257.34375,82
36.042265625,102.65625,311
36.049296875,229.21875,156
36.100078125,64.6875,100
36.120625,73.125,95
36.130078125,243.28125,58
36.15171875,272.8125,107
36.16125,84.375,79
36.180703125,74.53125,66
36.22046875,70.3125,82
36.231484375,267.1875,78
36.240546875,70.3125,289
36.24875,217.96875,93
36.25125,262.96875,143
36.26140625,85.78125,301
36.27015625,243.28125,167
36.28203125,97.03125,59
36.300703125,73.125,65
36.3015625,88.59375,67
36.381171875,80.15625,119
36.481015625,77.34375,126
36.54046875,66.09375,84
36.580625,68.90625,99
36.59,237.65625,68
36.620625,67.5,184
36.64203125,92.8125,88
36.65234375,278.4375,88
36.72078125,70.3125,88
36.80109375,74.53125,67
36.88078125,67.5,323
36.961796875,85.78125,430
36.981015625,73.125,88
37.020859375,68.90625,71
37.06109375,71.71875,71
37.080546875,61.875,90
37.09078125,246.09375,79
37.42140625,74.53125,81
37.4821875,88.59375,68
37.6415625,74.53125,94
37.861484375,71.71875,78
37.881484375,71.71875,115
37.921796875,77.34375,105
37.981015625,61.875,61
37.981796875,75.9375,77
38.011953125,258.75,66
38.02109375,63.28125,97
38.02234375,85.78125,154
38.031171875,244.6875,84
38.081171875,64.6875,98
38.121875,77.34375,95
38.141640625,71.71875,73
38.16234375,84.375,131
38.202109375,80.15625,105
38.2634375,102.65625,73
38.2709375,239.0625,86
38.341328125,64.6875,59
38.38140625,64.6875,120
38.4421875,78.75,72
38.461640625,68.90625,126
38.50296875,92.8125,93
38.521640625,68.90625,63
38.582265625,78.75,75
38.601875,71.71875,61
38.60234375,80.15625,75
38.612109375,255.9375,74
38.642265625,77.34375,100
38.643203125,94.21875,68
38.7228125,87.1875,73
38.90328125,94.21875,59
38.942578125,81.5625,101
38.9725,258.75,77
38.981953125,68.90625,74
38.98265625,81.5625,295
38.99046875,222.1875,86
38.992890625,265.78125,177
39.002578125,80.15625,79
39.013515625,277.03125,141
39.021328125,57.65625,257
39.03078125,227.8125,71
39.161640625,61.875,76
39.1825,77.34375,70
39.242421875,75.9375,126
39.26203125,68.90625,103
39.2828125,82.96875,140
39.29125,233.4375,90
39.3025,75.9375,65
39.36234375,71.71875,66
39.483203125,85.78125,58
39.492734375,258.75,79
39.503515625,91.40625,319
39.511953125,243.28125,122
39.512421875,253.125,141
39.522578125,74.53125,339
39.5315625,236.25,98
39.53265625,255.9375,162
39.542265625,68.90625,104
39.551953125,243.28125,101
39.601953125,63.28125,78
39.62234375,68.90625,67
39.72265625,74.53125,67
39.743046875,81.5625,62
39.76234375,68.90625,105
39.823515625,88.59375,71
39.88296875,78.75,59
39.992734375,253.125,75
40.123515625,85.78125,65
40.19296875,254.53125,59
40.20265625,70.3125,192
40.21171875,232.03125,110
40.33234375,241.875,59
40.3828125,71.71875,126
40.5628125,68.90625,75
40.573828125,267.1875,91
40.603671875,82.96875,131
40.623125,73.125,65
40.64296875,71.71875,63
40.67359375,262.96875,73
40.68296875,70.3125,93
40.68421875,92.8125,355
40.6925,241.875,193
40.723046875,71.71875,75
40.76375,84.375,67
40.782578125,61.875,344
40.823515625,78.75,64
40.84328125,74.53125,87
40.884140625,90,88
40.943515625,77.34375,150
40.951875,227.8125,79
40.9634375,75.9375,80
41.003359375,74.53125,75
41.04375,81.5625,133
41.051796875,226.40625,84
41.06234375,54.84375,97
41.0640625,87.1875,77
41.113125,248.90625,63
41.173359375,253.125,76
41.3140625,264.375,85
41.343515625,74.53125,238
41.351328125,215.15625,83
41.35359375,255.9375,173
41.604140625,82.96875,75
41.634453125,268.59375,81
41.6940625,261.5625,71
41.75421875,262.96875,78
41.76375,74.53125,273
41.77203125,223.59375,124
41.80328125,66.09375,76
41.81375,254.53125,85
41.823984375,78.75,80
41.8440625,80.15625,255
41.852109375,225,123
41.85453125,267.1875,154
41.92390625,75.9375,58
42.024765625,90,61
42.034609375,268.59375,79
42.114296875,261.5625,71
42.125,94.21875,359
42.131484375,210.9375,73
42.13328125,243.28125,165
42.134921875,271.40625,58
42.143984375,74.53125,58
42.144609375,87.1875,113
42.154296875,260.15625,115
42.163046875,57.65625,155
42.172890625,234.84375,83
42.205390625,99.84375,150
42.211875,216.5625,80
42.214765625,268.59375,211
42.293828125,251.71875,66
42.30390625,73.125,68
42.323984375,73.125,58
42.354453125,262.96875,86
42.3840625,74.53125,82
42.395625,282.65625,73
42.403515625,64.6875,81
42.463828125,70.3125,118
42.474609375,264.375,81
42.564375,78.75,112
42.574375,257.34375,77
42.583984375,71.71875,226
42.5925,225,94
42.6146875,264.375,126
42.6234375,60.46875,630
42.624765625,84.375,359
42.6321875,217.96875,97
42.633984375,250.3125,148
42.65453125,260.15625,77
42.663359375,59.0625,143
42.66515625,91.40625,374
42.672109375,216.5625,120
42.674296875,255.9375,196
42.683671875,64.6875,203
42.68421875,74.53125,138
42.69328125,237.65625,143
42.70421875,74.53125,119
42.714921875,267.1875,82
42.725078125,90,309
42.7328125,229.21875,151
42.735546875,277.03125,178
42.744296875,75.9375,103
42.7740625,250.3125,74
42.814765625,262.96875,78
43.104140625,68.90625,59
43.4646875,75.9375,92
43.484453125,71.71875,148
43.604375,68.90625,66
43.78453125,68.90625,93
44.025234375,78.75,62
44.146015625,92.8125,81
44.20578125,87.1875,68
44.285703125,85.78125,58
44.30515625,74.53125,67
44.4253125,75.9375,400
45.04515625,67.5,71
45.4265625,87.1875,83
45.8065625,82.96875,67
46.106171875,73.125,63
46.287734375,99.84375,71
46.36640625,74.53125,63
46.616875,260.15625,61
46.626640625,75.9375,123
46.63609375,246.09375,118
46.6665625,74.53125,68
46.946953125,77.34375,64
47.076484375,248.90625,64
47.266796875,71.71875,64
47.947578125,77.34375,57
48.00765625,78.75,153
48.017578125,257.34375,123
48.02765625,78.75,298
48.036640625,240.46875,136
48.2578125,260.15625,88
48.2671875,68.90625,205
48.276875,241.875,113
48.398828125,275.625,59
48.407109375,64.6875,66
48.5078125,77.34375,67
48.858046875,255.9375,76
48.868671875,87.1875,299
48.876875,234.84375,132
49.097890625,250.3125,61
49.338203125,254.53125,63
49.59859375,258.75,70
49.6084375,75.9375,288
49.617734375,243.28125,96
49.62875,81.5625,197
49.636953125,227.8125,95
49.639375,272.8125,168
49.798828125,260.15625,74
49.958828125,258.75,61
50.10859375,74.53125,69
50.2090625,80.15625,242
50.2178125,237.65625,134
50.549375,84.375,105
50.648828125,73.125,246
50.7084375,64.6875,78
50.7596875,267.1875,87
50.767734375,52.03125,69
50.768515625,66.09375,61
51.07984375,267.1875,86
51.419609375,258.75,66
51.570703125,98.4375,274
51.578359375,236.25,81
51.81,82.96875,66
51.90921875,68.90625,91
52.22953125,70.3125,82
52.51,77.34375,58
52.669609375,67.5,90
52.849765625,70.3125,74
52.909140625,57.65625,80
53.070390625,78.75,235
53.0784375,223.59375,92
53.11265625,119.53125,87
53.11921875,237.65625,78
53.130234375,75.9375,169
53.139296875,239.0625,113
53.51140625,92.8125,58
53.539609375,240.46875,70
53.590859375,82.96875,86
53.6,247.5,89
53.670859375,81.5625,507
53.920625,255.9375,73
53.93046875,73.125,209
53.94046875,253.125,105
53.970546875,74.53125,59
53.98078125,257.34375,104
53.990703125,77.34375,265
53.999609375,236.25,111
54.001171875,264.375,169
54.01078125,78.75,428
54.021015625,261.5625,204
54.450859375,75.9375,63
54.94109375,255.9375,57
54.951953125,91.40625,308
54.96109375,255.9375,174
55.172421875,98.4375,60
55.231484375,81.5625,77
55.271484375,80.15625,79
55.531328125,75.9375,181
55.54203125,267.1875,172
55.65203125,87.1875,310
55.66046875,239.0625,151
55.661796875,262.96875,88
55.670234375,54.84375,90
56.021640625,257.34375,77
56.071953125,82.96875,226
56.07984375,223.59375,95
56.7325,87.1875,204
56.741875,255.9375,182
56.75171875,73.125,303
56.752265625,82.96875,509
56.759921875,220.78125,81
56.76234375,264.375,147
56.891640625,70.3125,67
56.911640625,70.3125,66
57.041484375,246.09375,59
57.532265625,77.34375,67
57.7428125,264.375,90
57.87234375,75.9375,61
57.911796875,64.6875,75
58.052421875,75.9375,236
58.06171875,241.875,123
58.073984375,104.0625,182
58.0821875,251.71875,137
58.092421875,74.53125,231
58.102265625,251.71875,150
58.662421875,251.71875,66
58.813046875,81.5625,71
58.82296875,260.15625,84
58.832734375,75.9375,193
58.841640625,236.25,78
58.853828125,95.625,202
58.862109375,244.6875,129
59.3728125,73.125,71
59.383359375,262.96875,64
59.39265625,70.3125,72
59.483828125,271.40625,93
59.49234375,63.28125,209
59.504140625,277.03125,104
59.591796875,54.84375,67
60.173515625,80.15625,65
60.272734375,64.6875,96
60.3325,60.46875,349
60.603828125,262.96875,73
60.793671875,78.75,160
60.803203125,248.90625,92
60.81359375,75.9375,208
60.82265625,240.46875,120
60.943515625,254.53125,63
61.154609375,92.8125,73
61.214296875,85.78125,65
61.223359375,248.90625,61
61.31421875,84.375,193
61.322578125,234.84375,92
61.373203125,66.09375,65
61.434140625,82.96875,64
